Bandas,P_RioNit_A,P_RioNit_B,P_RioNit_C,P_RioNit_D,Jard_Guan_Troia,Galeao_A,Galeao_B,Pq_Cacula,Pq_Sarapui,portuguesa,lagoa_tjk,leblon_ipa,copa,meio_Sul_C,meio_Sul_B,meio_Sul_A,charitas,botafogo,fla_gloria,lagoa_rodFreitas,lagoa_piratininga,gamacho,meio,cdd_univ1,cdd_univ2,cdd_univ3,meio2,marAbertoLeste_24,penha,saoGoncalo,stCristo_Gamboa
"418,416","0,0063","0,0061","0,0073","0,007","0,0058","0,007","0,01","0,0283","0,019","0,0194","0,0146","0,0141","0,01354145036","0,0116","0,0128","0,0087","0,01383990906","0,006","0,006647621989","0,0116","0,0303","0,0143","0,0063","0,0165","0,0204","0,0078","0,0103","0,0296","0,0052","0,0149","0,0105"
"424,043","0,0036","0,0033","0,0042","0,0043","0,0038","0,0045","0,0072","0,0263","0,01713907048","0,0168","0,0123","0,0109","0,01034940616","0,0081","0,0093","0,0057","0,0104","0,004","0,0047","0,0087","0,0269","0,0123","0,0033471614","0,014","0,0181","0,0063","0,0073","0,0274","0,0035","0,0115","0,0076"
"429,457","0,0047","0,0043","0,0049","0,0049","0,0037","0,0043","0,0068","0,0255","0,0163","0,0159","0,01168118081","0,0112","0,0112","0,0093","0,01","0,0069","0,01166774486","0,0051","0,0053","0,0096","0,0273","0,0108","0,004444677349","0,0152","0,0189","0,0064","0,0078","0,0275","0,0032","0,012","0,0082"
"434,686","0,0024","0,0019","0,002743293799","0,0027","0,0021","0,0026","0,0043","0,023","0,0139","0,0138","0,009466090426","0,0085","0,0085","0,0071","0,0079","0,0049","0,0091","0,003","0,0034","0,0072","0,0247","0,0094","0,0021","0,0124","0,0171","0,0057","0,0057","0,0259","0,0018","0,0098","0,0058"
"439,757","0,0023","0,0019","0,0024","0,0027","0,0017","0,002","0,0039","0,022","0,0122","0,0126","0,008","0,008","0,008","0,0064","0,0076","0,0046","0,0085","0,0035","0,0034","0,007","0,0239","0,0082","0,0018","0,0124","0,016","0,0047","0,0054","0,0245","0,0013","0,0095","0,0056"
"444,699","0,0013","0,0012","0,0016","0,0016","0,0004","0,0004","0,0018","0,0211","0,0105","0,0109","0,006635661017","0,0067","0,0065","0,0049","0,0056","0,0032","0,0069","0,0025","0,0022","0,0056","0,0222","0,0061","0,0005469108023","0,0114","0,0152","0,0035","0,0043","0,0225",0,"0,0076","0,0044"
"449,539","0,0004","0,0004","0,0009","0,001","0,0001","0,0006","0,0015","0,0206","0,0106","0,011","0,007778243601","0,0059","0,0056","0,0039","0,0049","0,0024","0,0059","0,002","0,0018","0,0052","0,0211","0,006",0,"0,0114","0,0162","0,0039","0,0036","0,0221",0,"0,0074","0,0037"
"454,306","0,0015","0,0009","0,0015","0,0014","0,0007","0,0014","0,0016","0,0211","0,0111","0,0114","0,008256376929","0,0061","0,0061","0,0042","0,0053","0,0033","0,0064","0,0025","0,0022","0,0053","0,0212","0,0069","0,0007","0,0122","0,0172","0,005","0,004","0,0221","0,0005","0,0076","0,0042"
"459,031","0,0009","0,0002","0,0005","0,0007","0,0003","0,0004","0,0009","0,0196","0,0099","0,0109","0,0071","0,0052","0,0051","0,0034","0,0043","0,0027","0,0056","0,0019","0,0013","0,0048","0,0202","0,0056",0,"0,0113","0,0162","0,0042","0,0033","0,0214",0,"0,0066","0,0035"
"463,73","0,0013","0,0007","0,0012","0,001","0,0007","0,0009","0,001","0,0196","0,0102","0,0117","0,007157164519","0,0057","0,0054","0,0038","0,0047","0,0031","0,006","0,0025","0,002","0,0053","0,0206","0,0056","0,0003","0,0123","0,0179","0,0047","0,004","0,0214","0,0004","0,0071","0,0041"
"468,411","0,0012","0,0007","0,0011","0,001","0,0006","0,0002","0,0007","0,0178","0,0088","0,0109","0,006042998282","0,0056","0,0053","0,0035","0,0044","0,0028","0,0057","0,0025","0,0017","0,0051","0,0205","0,0049","0,0005","0,0118","0,0176","0,0041","0,0037","0,0209",0,"0,0067","0,0038"
"473,08",0,0,0,0,0,0,0,"0,0162","0,007","0,0091","0,0045","0,0041","0,0037","0,0021","0,0033","0,0014","0,0046","0,0015","0,0007","0,0037","0,0187","0,0034",0,"0,0101","0,0166","0,0034","0,0024","0,0193",0,"0,0054","0,0024"
"477,744",0,0,0,0,0,0,0,"0,0151","0,0064","0,009","0,004","0,0037","0,0033","0,0016","0,0028","0,0012","0,0038","0,0012","0,0004","0,0033","0,0181","0,0027",0,"0,0096","0,0168","0,0027","0,0021","0,0187",0,"0,0051","0,002"
"482,411","0,0012","0,0008","0,0011","0,0014","0,0004","0,0001",0,"0,0162","0,0077","0,0106","0,0054","0,0054","0,0048","0,0029","0,0042","0,0025","0,0052","0,003","0,0019","0,005","0,0194","0,0045","0,0005","0,0114","0,0189","0,0045","0,0038","0,0199",0,"0,0066","0,0039"
"487,087","0,0023","0,0019","0,0022","0,0023","0,0013","0,0006","0,0008","0,0161","0,0075","0,011","0,0053","0,0061","0,0057","0,0037","0,0052","0,0038","0,0063","0,004","0,0028","0,0055","0,0204","0,0049","0,0015","0,0123","0,0195","0,0053","0,0043","0,0212","0,0004","0,0075","0,0044"
"491,78","0,001","0,0002","0,001","0,0009",0,0,0,"0,0145","0,0056","0,0091","0,0039","0,0047","0,0041","0,0023","0,004","0,002","0,0048","0,0026","0,0014","0,004","0,0187","0,003","0,0001","0,0106","0,0186","0,0036","0,003","0,0191",0,"0,0062","0,0031"
"496,497","0,0013","0,0006","0,0013","0,0013","0,0005",0,0,"0,0139","0,0056","0,009953854277","0,0041","0,005","0,0042","0,002","0,004","0,0025","0,0047","0,0031","0,0018","0,0042","0,0186","0,0034","0,0004","0,0112","0,0193","0,0046","0,0034","0,0184",0,"0,0066","0,0035"
"501,243","0,003","0,0022","0,0026","0,0026","0,0014","0,0005","0,0003","0,0141","0,0062","0,0112","0,0047","0,0061","0,0054","0,0033","0,0053","0,0042","0,0062","0,0047","0,0034","0,0052","0,0203","0,0046","0,001651471836","0,0128","0,0212","0,0059","0,0048","0,0191","0,0001","0,008","0,0048"
"506,02","0,0024","0,0018","0,0023","0,0023","0,0012","0,0003",0,"0,013","0,0056","0,0113","0,0046","0,0054","0,0047","0,0027","0,0049","0,0038","0,0056","0,0044","0,0032","0,0045","0,0202","0,0046","0,0013","0,0135","0,0216","0,0061","0,0045","0,0178",0,"0,0076","0,0045"
"510,828","0,0031","0,0026","0,003","0,0031","0,002","0,0009","0,0002","0,0135","0,0065","0,0124","0,0058","0,0056","0,005","0,0032","0,0054","0,0045","0,006","0,0054","0,0039","0,005","0,022","0,0055","0,001651104378","0,0149","0,0231","0,0067","0,0054","0,0169","0,0008","0,0083","0,0053"
"515,672","0,0051","0,0046","0,0051","0,0051","0,0036","0,0025","0,002","0,0137","0,0078","0,014925","0,0078","0,0071","0,0068","0,0048","0,0075","0,0065","0,0079","0,0079","0,0062","0,0061","0,0251","0,0078","0,003853704132","0,017","0,0263","0,0091","0,0073","0,0168","0,0027","0,0106","0,0074"
"520,55","0,005","0,004","0,005","0,0048","0,0034","0,0017","0,0011","0,0127","0,0072","0,0154","0,0075","0,0062","0,006","0,0043","0,0072","0,0063","0,0076","0,0075","0,0059","0,005","0,0267","0,0074","0,0035","0,0172","0,0274","0,0087","0,007","0,0158","0,0022","0,0102","0,0073"
"525,467","0,0057","0,0048","0,0057","0,0054","0,0038","0,0023","0,0021","0,0129","0,0076","0,0165","0,0085","0,0065","0,0062","0,0046","0,0074","0,0069","0,008","0,0082","0,0064","0,0053","0,0291","0,008","0,004","0,0187","0,0293","0,0093","0,0082","0,0151","0,003","0,0107","0,0084"
"530,424","0,0069","0,0057","0,0068","0,0066","0,0045","0,0028","0,0027","0,0129","0,0081","0,0186","0,01","0,0068","0,0066","0,005","0,0082","0,008","0,009","0,0096","0,0075","0,0055","0,032","0,0089","0,004955104895","0,0195","0,0308","0,01","0,0092","0,0146","0,0037","0,0118","0,0095"
"535,422","0,0082","0,0066","0,008249251831","0,0075","0,0055","0,0036","0,0038","0,0134","0,0094","0,0195","0,0116","0,0073","0,0073","0,0057","0,0089","0,0091","0,0101","0,0105","0,0084","0,0059","0,0351","0,0102","0,0063","0,0209","0,0328","0,0114","0,0103","0,0146","0,0047","0,0133","0,0106"
"540,463","0,0097","0,0082","0,009947599477","0,0093","0,0069","0,0051","0,0054","0,0143","0,0108","0,0213","0,0132","0,0084","0,0082","0,007","0,0103","0,0104","0,0117","0,0121","0,0097","0,0069","0,0386","0,0118","0,0079","0,0231","0,0352","0,0129","0,012","0,0148","0,0065","0,015","0,0123"
"545,551","0,0105","0,0087","0,0108","0,0098","0,0072","0,0055","0,0056","0,0134","0,0112","0,0219","0,014","0,0081","0,0082","0,0071","0,0106","0,011","0,0121","0,0128","0,0101","0,0067","0,041","0,012","0,00820334372","0,0231","0,0362","0,0133","0,0121","0,0137","0,0069","0,0158","0,0126"
"550,687","0,0111","0,0092","0,0113","0,0105","0,008","0,0063","0,0062","0,013","0,0118","0,02265","0,0151","0,0078","0,0081","0,0072","0,0109","0,0114","0,0124","0,0132","0,01054193391","0,0069","0,0431","0,0129","0,008648606116","0,0234","0,0372","0,0139","0,0126","0,0126","0,0079","0,0164","0,013"
"555,873","0,0122","0,0102","0,01215","0,0117","0,009","0,0073","0,0075","0,0125","0,013","0,0237","0,0163","0,008","0,0085","0,0074","0,0115","0,012","0,013","0,0142","0,0114","0,0073","0,0448","0,0137","0,009404220954","0,0245","0,0386","0,0148","0,0133","0,012","0,0095","0,0172","0,0138"
"561,112","0,0131","0,0108","0,013","0,0124","0,0096","0,0081","0,0084","0,012","0,0138","0,0236","0,0166","0,0081","0,0087","0,0076","0,0117","0,0125","0,0134","0,0146","0,01165327501","0,0077","0,0456","0,014","0,009895370873","0,025","0,0395","0,0151","0,0138","0,0116","0,0105","0,0179","0,0141"
"566,405","0,0132","0,0108","0,0131","0,0125","0,01","0,0087","0,009","0,0112","0,0144","0,0236","0,0169","0,0078","0,0086","0,0075","0,0117","0,0128","0,0133","0,0145","0,0115","0,008","0,0454","0,0141","0,00990324238","0,0251","0,0399","0,0151","0,0135","0,0107","0,0112","0,018","0,0139"
"571,756","0,0124","0,0104","0,0124","0,0122","0,0096","0,0085","0,0088","0,0093","0,0134","0,02262307692","0,0154","0,007","0,008","0,0069","0,0111","0,0122","0,0125","0,0137","0,0108","0,008","0,0436","0,0135","0,009396268834","0,0238","0,0388","0,0145","0,0128","0,0093","0,0109","0,0177","0,0131"
"577,166","0,0112","0,0092","0,0112","0,011","0,0085","0,0075","0,0074","0,0075","0,012","0,0208","0,0137","0,0057","0,0068","0,0056","0,0099","0,0108","0,0113","0,0121","0,009456137948","0,0076","0,0403","0,0121","0,008200169544","0,0219","0,0365","0,0132","0,0115","0,0075","0,0097","0,0168","0,0115"
"582,636","0,0112","0,0095","0,0112","0,0112","0,009","0,0081","0,0079","0,0078","0,0125","0,02105","0,014","0,0055","0,0066","0,0055","0,0099","0,0109","0,0115","0,0125","0,0097","0,0082","0,0392","0,013","0,008453273472","0,0221","0,0374","0,0137","0,0116","0,0067","0,0103","0,0173","0,0116"
"588,171","0,0123","0,0104","0,01214485954","0,0122","0,0102","0,0092","0,0094","0,0095","0,0142","0,0218","0,0145","0,0056","0,0069","0,0062","0,0097","0,0115","0,012","0,0137","0,0108","0,0093","0,0377","0,0144","0,009405473151","0,0226","0,0383","0,015","0,0128","0,0062","0,012","0,0183","0,0127"
"593,773","0,0122","0,0104","0,01216158481","0,012","0,01","0,0093","0,0093","0,0089","0,0143","0,0208","0,0142","0,0046","0,0058","0,0056","0,0086","0,0106","0,0112","0,0136","0,0104","0,0094","0,0352","0,0142","0,009143458884","0,0214","0,0372","0,0152","0,0128","0,0052","0,0117","0,0175","0,0125"
"599,446","0,0107","0,0085","0,0107","0,0104","0,0088","0,0078","0,0072","0,0063","0,0125","0,018225","0,0119","0,003","0,0039","0,0037","0,0068","0,0084","0,0094","0,0121","0,009","0,0088","0,0314","0,0115","0,007718697515","0,0191","0,0334","0,014","0,0116","0,0035","0,0102","0,0159","0,0115"
"605,193","0,0098","0,0074","0,009652918288","0,0093","0,0075","0,0065","0,0057","0,0045","0,0106","0,01608214286","0,0104","0,002","0,0027","0,0024","0,0056","0,0071","0,0083","0,0113","0,0081","0,0082","0,0281","0,0095","0,006248076765","0,0171","0,0312","0,0131","0,0107","0,0025","0,0084","0,0144","0,0107"
"611,017","0,0091","0,0068","0,009147670839","0,0083","0,0067","0,0054","0,0042","0,003","0,0087","0,0147","0,0088","0,0017","0,0023","0,0019","0,0048","0,0064","0,0076","0,0112","0,0076","0,008","0,0257","0,0082","0,005760500368","0,016","0,0294","0,0127","0,0102","0,0019","0,0072","0,0138","0,0102"
"616,923","0,008","0,0056","0,008234769728","0,0071","0,0057","0,004","0,0026","0,0013","0,0065","0,0129","0,0065","0,0012","0,0018","0,0013","0,0043","0,0055","0,0068","0,0103","0,006648418118","0,0074","0,0228","0,0064","0,00499797695","0,0137","0,0269","0,0118","0,0092","0,0015","0,0053","0,0125","0,0093"
"622,92","0,0076","0,0052","0,007719081176","0,0068","0,0054","0,0036","0,0019","0,0003","0,0052","0,0115","0,0053","0,0011","0,0016","0,0012","0,0041","0,0051","0,0065","0,01","0,0065","0,0073","0,0211","0,0057","0,004506244283","0,0129","0,0258","0,0116","0,0091","0,0013","0,0044","0,012","0,0089"
"628,987","0,0072","0,0048","0,007226587864","0,0063","0,0047","0,0033","0,0015",0,"0,0046","0,0107","0,0044","0,0007","0,0014","0,0008","0,0039","0,0049","0,006","0,0097","0,006","0,0067","0,0199","0,005","0,004489440387","0,0121","0,0244","0,0117","0,0085","0,0011","0,0038","0,0117","0,0084"
"635,112","0,0072","0,0051","0,00720380405","0,0065","0,0048","0,0031","0,0012",0,"0,0039","0,0106","0,0038","0,0006","0,0013","0,0009","0,004","0,005","0,0059","0,0096","0,0059","0,0067","0,0199","0,0045","0,004496726028","0,0108","0,024","0,0113","0,0083","0,001","0,0034","0,0113","0,0083"
"641,294","0,0077","0,0062","0,007942021423","0,0074","0,0056","0,004","0,0021",0,"0,0046","0,0121","0,0051","0,0011","0,0017","0,0015","0,0048","0,0059","0,0064","0,0105","0,0065","0,0073","0,0216","0,0053","0,005503188048","0,0118","0,0257","0,012","0,0086","0,0012","0,0046","0,0123","0,0086"
"647,537","0,0083","0,0073","0,008449095258","0,0082","0,0062","0,005","0,0035",0,"0,0058","0,0143690534","0,0067","0,0018","0,0024","0,0023","0,0053","0,0068","0,0067","0,0111","0,007","0,0078","0,0234","0,0068","0,006690353884","0,0135","0,0274","0,0132","0,009","0,0016","0,0058","0,0134","0,009"
"653,841","0,0078","0,0068","0,007966924444","0,0076","0,0052","0,003","0,0017",0,"0,0028","0,01326666667","0,0042","0,0014","0,0019","0,0019","0,0048","0,0066","0,0059","0,0103","0,0066","0,0075","0,0223","0,0049","0,006451780601","0,0106","0,0249","0,0125","0,0086","0,0009","0,0037","0,012","0,0085"
"660,207","0,0068","0,0057","0,007202635135","0,0064","0,0036","0,0013",0,0,0,"0,0104","0,0012","0,0008","0,0013","0,0012","0,0041","0,0056","0,0051","0,0099","0,0061","0,0065","0,0188","0,0024","0,005264283927","0,0078","0,0211","0,0121","0,008","0,0004","0,0009","0,01","0,0082"
"666,637","0,0063","0,0048","0,00671152189","0,0053","0,0033","0,0009",0,0,0,"0,007773841699",0,"0,001","0,0014","0,0008","0,004","0,0052","0,0046","0,0102","0,0061","0,0063","0,0146","0,0008","0,004740772653","0,0052","0,0173","0,0125","0,0083","0,0005",0,"0,0082","0,0086"
"673,131","0,0072","0,005","0,007200032206","0,0056","0,0037","0,0016",0,0,0,"0,0064",0,"0,0015","0,002","0,0013","0,0042","0,0056","0,0049","0,0114","0,0072","0,007","0,0123","0,0001","0,004742776708","0,0044","0,0154","0,0136","0,0096","0,0004","0,0001","0,0072","0,0099"
"679,691","0,0093","0,0065","0,009161594203","0,0071","0,0056","0,0033",0,0,0,"0,0073","0,0013","0,0024","0,003","0,0023","0,0054","0,0073","0,0056","0,0141","0,0099","0,0085","0,0126","0,001","0,006248439102","0,0059","0,0169","0,0163","0,0131","0,0005","0,002","0,0082","0,0134"
"686,319","0,0143","0,0105","0,01379188682","0,0113","0,0097","0,0078","0,0052",0,"0,0038","0,01325652174","0,0075","0,0042","0,0048","0,0051","0,0075","0,011","0,0084","0,0188","0,0142","0,0113","0,0179","0,0067","0,01085490136","0,0138","0,0239","0,0221","0,0186","0,0013","0,0069","0,0132","0,0189"
"693,014","0,0173","0,0125","0,01718794727","0,0142","0,0126","0,0112","0,0089",0,"0,0104","0,01765039526","0,0137","0,003","0,0041","0,005","0,0074","0,0113","0,0096","0,0207","0,0159","0,0126","0,0245","0,0107","0,01329866421","0,0199","0,0309","0,0262","0,0219","0,0014","0,0113","0,0165","0,0226"
"699,78","0,0184","0,0119","0,01840969987","0,0141","0,0135","0,0128","0,0112",0,"0,01604762166","0,0187","0,0184","0,0015","0,0025","0,003","0,006","0,0105","0,008847661639","0,0211","0,01544859235","0,0125","0,0279","0,0104","0,01254087122","0,0202","0,0321","0,0291","0,0265","0,0004","0,0146","0,017","0,027"
"706,617","0,0178","0,0107","0,01792297297","0,0129","0,0134","0,0136","0,0122",0,"0,02105574713","0,017","0,02323366285","0,0006","0,0013","0,0016","0,0048","0,0089","0,007144743309","0,0205","0,014","0,0116","0,0275","0,0092","0,01084988492","0,0183","0,0287","0,0317","0,0302",0,"0,0165","0,0155","0,03014636714"
"713,524","0,0172","0,0096","0,01773490839","0,0116","0,0137","0,0141","0,0137",0,"0,0263","0,0164","0,02655399423","0,0012","0,0018","0,0018","0,0044","0,008","0,006050602919","0,0197","0,01324138751","0,0111","0,0249","0,0087","0,01108889753","0,0177","0,0261","0,03316666667","0,03133793702","0,0007","0,0175","0,0137","0,03087500488"
"720,501","0,0171","0,0107","0,01843541667","0,0116","0,0141","0,0165","0,01823557972","0,0143","0,038","0,0169","0,035","0,0037","0,0044","0,0049","0,0054","0,0087","0,0064","0,0209","0,01432266336","0,0118","0,0211","0,0122","0,01429099446","0,0205","0,026","0,0373","0,03263067983","0,0034","0,019","0,0124","0,03209550113"
"727,545","0,0139","0,0084","0,01454119548","0,0084","0,0109","0,0127","0,0156","0,0159","0,0358","0,0108","0,03097948512","0,0029","0,0039","0,0038","0,0041","0,0069","0,0048","0,0178","0,0121","0,0098","0,0131","0,0086","0,01209088984","0,0135","0,0175","0,0322","0,02625554455","0,0032","0,0146","0,0085","0,02577"
"734,654","0,0087","0,0044","0,008885262346","0,0044","0,0062","0,0067","0,00713898024","0,007","0,0237552537","0,0029","0,0217","0,0005","0,001","0,0003","0,002","0,0036","0,0021","0,0129","0,0076","0,0065","0,0057","0,0015","0,00670596161","0,0029","0,0061","0,024","0,0184","0,001","0,0074","0,0032","0,01823352916"
"741,826","0,0069","0,0033","0,006959069021","0,0034","0,0049","0,0051","0,0048","0,0035","0,0193764218","0,0009","0,0192",0,0,0,"0,001","0,0023","0,0014","0,0116","0,0061","0,0053","0,0035",0,"0,0051","0,0001","0,0028","0,0216","0,01604583333",0,"0,0054","0,0017","0,0163"
"749,06","0,0069","0,0033","0,006949076385","0,0034","0,005","0,0051","0,004951008498","0,0025","0,0187","0,0009","0,0187",0,"0,0001",0,"0,0011","0,0024","0,0016","0,0116","0,0062","0,0052","0,0034",0,"0,0053",0,"0,0024","0,0215","0,0156",0,"0,0053","0,0018","0,01606040551"
"756,353","0,0071","0,0036","0,008193772179","0,004","0,0051","0,005","0,0093","0,0082","0,02484405629","0,0019","0,02212355746",0,0,"0,001","0,0011","0,0015",0,"0,0068","0,0023","0,0002",0,"0,0026","0,0051","0,0012","0,004","0,0218","0,0169","0,0014","0,005","0,0023","0,0148"
"763,703","0,0092","0,0052","0,0128902372","0,0049","0,0071","0,0091","0,01935138311","0,0335","0,0435","0,0067","0,03232318182",0,0,"0,005","0,0005","0,0002",0,"0,0061","0,0016",0,0,"0,0111","0,01015356252","0,0068","0,009","0,0266","0,02213740652","0,0046","0,0073","0,0052","0,0181"
"771,108","0,0072","0,004","0,007692733333","0,0043","0,0052","0,0048","0,006630833499","0,0071","0,02324963936","0,001","0,021825","0,0003","0,0004","0,0004","0,0006","0,0021","0,0014","0,0103","0,0051","0,0039","0,0024",0,"0,006001134498","0,0006","0,0029","0,0217","0,0157","0,0008","0,0054","0,0023","0,0152"
"778,567","0,0073","0,0042","0,007737228885","0,0043","0,0051","0,0046","0,0053","0,0027","0,0208","0,0011","0,02110592021","0,0004","0,0006",0,"0,0006","0,0024","0,0021","0,0114","0,0063","0,0053","0,0031",0,"0,0058","0,0005","0,003","0,0215","0,0152","0,0001","0,0058","0,0022","0,0151"
"786,078","0,0081","0,0049","0,008418708731","0,0047","0,0057","0,0052","0,005547495482","0,0031","0,0223","0,0013","0,022125","0,0007","0,0008",0,"0,0007","0,0025","0,0023","0,012","0,0068","0,0057","0,0037",0,"0,0064","0,0011","0,0037","0,022","0,0159","0,0002","0,0061","0,0027","0,0158"
"793,639","0,0084","0,0047","0,009163763234","0,0045","0,0063","0,0057","0,005554474676","0,0026","0,0228","0,0016","0,02286873356","0,0005","0,0007",0,"0,0009","0,0024","0,0024","0,0121","0,007","0,0063","0,004",0,"0,006945790585","0,001","0,0045","0,0221","0,01654624201",0,"0,0061","0,0033","0,01604255525"
"801,248","0,0084","0,0047","0,009146961326","0,0046","0,0064","0,0055","0,0058","0,0009","0,0224","0,0018","0,02286213347","0,0001","0,0004",0,"0,0005","0,0023","0,0019","0,0122","0,0071","0,0062","0,0043",0,"0,0068","0,0008","0,0047","0,0223","0,0168",0,"0,0064","0,0032","0,0164"
"808,905","0,0091","0,0052","0,009894991966","0,0051","0,0069","0,0067","0,007","0,0018","0,02375642941","0,003","0,02403733529","0,0004","0,0009","0,0001","0,0007","0,0028","0,0023","0,0135","0,0074","0,0062","0,0048","0,0008","0,008205085196","0,0025","0,0067","0,024","0,01824151263",0,"0,0076","0,0043","0,01765454545"
"816,608","0,0099","0,0062","0,0110989241","0,0054","0,0074","0,009","0,012","0,0102","0,02982502458","0,0046","0,02650946458","0,0007","0,0015","0,002","0,0004","0,0024","0,0018","0,0145","0,0083","0,0056","0,0041","0,0048","0,01083917043","0,0054","0,0093","0,0273","0,0197","0,0009","0,0102","0,004","0,0191"
"824,355","0,0094","0,0054","0,01060563312","0,0049","0,0074","0,0081","0,0109","0,0079","0,0257","0,0035","0,0228589838","0,0008","0,0014","0,0012","0,0006","0,0022","0,0019","0,0137","0,0078","0,0053","0,0018","0,0036","0,01015127515","0,0043","0,0069","0,0262","0,0181","0,0007","0,0082","0,0035","0,0179"
"832,145","0,0067","0,0032","0,00747974583","0,0026","0,0046","0,0047","0,007","0,0029","0,01823928472",0,"0,01696834598",0,0,"0,0002",0,"0,0008","0,0008","0,0118","0,0063","0,004",0,0,"0,007210776137",0,"0,0008","0,0217","0,014",0,"0,005","0,0007","0,014"
"839,976","0,0057","0,003","0,006240199902","0,0023","0,0038","0,0031","0,0041",0,"0,0123",0,"0,013",0,0,0,0,"0,0006","0,0004","0,0112","0,0055","0,0038",0,0,"0,0059",0,0,"0,0194","0,0119",0,"0,0033",0,"0,0119"
"847,847","0,0048","0,0018","0,005248866177","0,0015","0,0032","0,003","0,0036",0,"0,011",0,"0,0125",0,0,0,0,"0,0005","0,0004","0,01","0,0043","0,0033",0,0,"0,0048",0,0,"0,0185","0,0111",0,"0,0027",0,"0,0113"
"855,757","0,0047","0,0015","0,005465643601","0,0014","0,0031","0,0023","0,0031",0,"0,0103",0,"0,012",0,0,0,0,"0,0002",0,"0,0098","0,0041","0,0027",0,0,"0,0047",0,0,"0,0178","0,0106",0,"0,0012",0,"0,0109"
"863,703","0,0045","0,0015","0,005261570827","0,0015","0,0032","0,0033","0,0024",0,"0,0098",0,"0,012",0,0,0,0,"0,0004",0,"0,00993219697","0,0038","0,0024",0,0,"0,0051",0,0,"0,0185","0,0103",0,"0,0024",0,"0,0112"
"871,683",0,0,0,0,0,0,0,0,0,0,0,0,0,0,0,0,0,0,0,0,0,0,0,0,0,0,0,0,0,0,0
"879,692",0,0,0,0,0,0,0,0,0,0,0,0,0,0,0,0,0,0,0,0,0,0,0,0,0,0,0,0,0,0,0
"887,729",0,0,0,0,0,0,0,0,0,0,0,0,0,0,0,0,0,0,0,0,0,0,0,0,0,0,0,0,0,0,0
"895,789",0,0,0,0,0,0,0,0,0,0,0,0,0,0,0,0,0,0,0,0,0,0,0,0,0,0,0,0,0,0,0
"901,962",0,0,0,0,0,0,0,0,0,0,0,0,0,0,0,0,0,0,0,0,0,0,0,0,0,0,0,0,0,0,0
"903,87",0,0,0,0,0,0,0,0,0,0,0,0,0,0,0,0,0,0,0,0,0,0,0,0,0,0,0,0,0,0,0
"911,572",0,0,0,0,0,0,0,0,0,0,0,0,0,0,0,0,0,0,0,0,0,0,0,0,0,0,0,0,0,0,0
"911,968",0,0,0,0,0,0,0,0,0,0,0,0,0,0,0,0,0,0,0,0,0,0,0,0,0,0,0,0,0,0,0
"920,08",0,0,0,0,0,0,0,0,0,0,0,0,0,0,0,0,0,0,0,0,0,0,0,0,0,0,0,0,0,0,0
"921,32",0,0,0,0,0,0,0,0,0,0,0,0,0,0,0,0,0,0,0,0,0,0,0,0,0,0,0,0,0,0,0
"928,204",0,0,0,0,0,0,0,0,0,0,0,0,0,0,0,0,0,0,0,0,0,0,0,0,0,0,0,0,0,0,0
"931,204",0,0,0,0,0,0,0,0,0,0,0,0,0,0,0,0,0,0,0,0,0,0,0,0,0,0,0,0,0,0,0
"936,335",0,0,0,0,0,0,0,0,0,0,0,0,0,0,0,0,0,0,0,0,0,0,0,0,0,0,0,0,0,0,0
"941,218",0,0,0,0,0,0,0,0,0,0,0,0,0,0,0,0,0,0,0,0,0,0,0,0,0,0,0,0,0,0,0
"944,47",0,0,0,0,0,0,0,0,0,0,0,0,0,0,0,0,0,0,0,0,0,0,0,0,0,0,0,0,0,0,0
"951,361",0,0,0,0,0,0,0,0,0,0,0,0,0,0,0,0,0,0,0,0,0,0,0,0,0,0,0,0,0,0,0
"952,608",0,0,0,0,0,0,0,0,0,0,0,0,0,0,0,0,0,0,0,0,0,0,0,0,0,0,0,0,0,0,0
"960,748",0,0,0,0,0,0,0,0,0,0,0,0,0,0,0,0,0,0,0,0,0,0,0,0,0,0,0,0,0,0,0
"961,629",0,0,0,0,0,0,0,0,0,0,0,0,0,0,0,0,0,0,0,0,0,0,0,0,0,0,0,0,0,0,0
"968,891",0,0,0,0,0,0,0,0,0,0,0,0,0,0,0,0,0,0,0,0,0,0,0,0,0,0,0,0,0,0,0
"972,017",0,0,0,0,0,0,0,0,0,0,0,0,0,0,0,0,0,0,0,0,0,0,0,0,0,0,0,0,0,0,0
"977,037",0,0,0,0,0,0,0,0,0,0,0,0,0,0,0,0,0,0,0,0,0,0,0,0,0,0,0,0,0,0,0
"982,524",0,0,0,0,0,0,0,0,0,0,0,0,0,0,0,0,0,0,0,0,0,0,0,0,0,0,0,0,0,0,0
"985,186",0,0,0,0,0,0,0,0,0,0,0,0,0,0,0,0,0,0,0,0,0,0,0,0,0,0,0,0,0,0,0
"993,145",0,0,0,0,0,0,0,0,0,0,0,0,0,0,0,0,0,0,0,0,0,0,0,0,0,0,0,0,0,0,0
"993,338",0,0,0,0,0,0,0,0,0,0,0,0,0,0,0,0,0,0,0,0,0,0,0,0,0,0,0,0,0,0,0
"1003,88",0,0,0,0,0,0,0,0,0,0,0,0,0,0,0,0,0,0,0,0,0,0,0,0,0,0,0,0,0,0,0
"1014,72",0,0,0,0,0,0,0,0,0,0,0,0,0,0,0,0,0,0,0,0,0,0,0,0,0,0,0,0,0,0,0
"1025,66",0,0,0,0,0,0,0,0,0,0,0,0,0,0,0,0,0,0,0,0,0,0,0,0,0,0,0,0,0,0,0
"1036,7",0,0,0,0,0,0,0,0,0,0,0,0,0,0,0,0,0,0,0,0,0,0,0,0,0,0,0,0,0,0,0
"1047,84",0,0,0,0,0,0,0,0,0,0,0,0,0,0,0,0,0,0,0,0,0,0,0,0,0,0,0,0,0,0,0
"1059,07",0,0,0,0,0,0,0,0,0,0,0,0,0,0,0,0,0,0,0,0,0,0,0,0,0,0,0,0,0,0,0
"1070,39",0,0,0,0,0,0,0,0,0,0,0,0,0,0,0,0,0,0,0,0,0,0,0,0,0,0,0,0,0,0,0
"1081,79",0,0,0,0,0,0,0,0,0,0,0,0,0,0,0,0,0,0,0,0,0,0,0,0,0,0,0,0,0,0,0
"1093,26",0,0,0,0,0,0,0,0,0,0,0,0,0,0,0,0,0,0,0,0,0,0,0,0,0,0,0,0,0,0,0
"1104,81",0,0,0,0,0,0,0,0,0,0,0,0,0,0,0,0,0,0,0,0,0,0,0,0,0,0,0,0,0,0,0
"1116,43",0,0,0,0,0,0,0,0,0,0,0,0,0,0,0,0,0,0,0,0,0,0,0,0,0,0,0,0,0,0,0
"1128,11",0,0,0,0,0,0,0,0,0,0,0,0,0,0,0,0,0,0,0,0,0,0,0,0,0,0,0,0,0,0,0
"1139,84",0,0,0,0,0,0,0,0,0,0,0,0,0,0,0,0,0,0,0,0,0,0,0,0,0,0,0,0,0,0,0
"1151,62",0,0,0,0,0,0,0,0,0,0,0,0,0,0,0,0,0,0,0,0,0,0,0,0,0,0,0,0,0,0,0
"1163,44",0,0,0,0,0,0,0,0,0,0,0,0,0,0,0,0,0,0,0,0,0,0,0,0,0,0,0,0,0,0,0
"1175,31",0,0,0,0,0,0,0,0,0,0,0,0,0,0,0,0,0,0,0,0,0,0,0,0,0,0,0,0,0,0,0
"1187,2",0,0,0,0,0,0,0,0,0,0,0,0,0,0,0,0,0,0,0,0,0,0,0,0,0,0,0,0,0,0,0
"1199,11",0,0,0,0,0,0,0,0,0,0,0,0,0,0,0,0,0,0,0,0,0,0,0,0,0,0,0,0,0,0,0
"1211,05",0,0,0,0,0,0,0,0,0,0,0,0,0,0,0,0,0,0,0,0,0,0,0,0,0,0,0,0,0,0,0
1223,0,0,0,0,0,0,0,0,0,0,0,0,0,0,0,0,0,0,0,0,0,0,0,0,0,0,0,0,0,0,0
"1234,97",0,0,0,0,0,0,0,0,0,0,0,0,0,0,0,0,0,0,0,0,0,0,0,0,0,0,0,0,0,0,0
"1246,95",0,0,0,0,0,0,0,0,0,0,0,0,0,0,0,0,0,0,0,0,0,0,0,0,0,0,0,0,0,0,0
"1258,93",0,0,0,0,0,0,0,0,0,0,0,0,0,0,0,0,0,0,0,0,0,0,0,0,0,0,0,0,0,0,0
"1270,92",0,0,0,0,0,0,0,0,0,0,0,0,0,0,0,0,0,0,0,0,0,0,0,0,0,0,0,0,0,0,0
"1282,92",0,0,0,0,0,0,0,0,0,0,0,0,0,0,0,0,0,0,0,0,0,0,0,0,0,0,0,0,0,0,0
"1294,91",0,0,0,0,0,0,0,0,0,0,0,0,0,0,0,0,0,0,0,0,0,0,0,0,0,0,0,0,0,0,0
"1306,9",0,0,0,0,0,0,0,0,0,0,0,0,0,0,0,0,0,0,0,0,0,0,0,0,0,0,0,0,0,0,0
"1318,88",0,0,0,0,0,0,0,0,0,0,0,0,0,0,0,0,0,0,0,0,0,0,0,0,0,0,0,0,0,0,0
"1330,86",0,0,0,0,0,0,0,0,0,0,0,0,0,0,0,0,0,0,0,0,0,0,0,0,0,0,0,0,0,0,0
"1342,82",,,,,,,,,,,,,,,,,,,,,,,,,,,,,,,
"1354,76",,,,,,,,,,,,,,,,,,,,,,,,,,,,,,,
"1366,69",,,,,,,,,,,,,,,,,,,,,,,,,,,,,,,
"1378,6",,,,,,,,,,,,,,,,,,,,,,,,,,,,,,,
"1390,48",,,,,,,,,,,,,,,,,,,,,,,,,,,,,,,
"1449,43",0,0,0,0,0,0,0,0,0,0,0,0,0,0,0,0,0,0,0,0,0,0,0,0,0,0,0,0,0,0,0
"1461,11",0,0,0,0,0,0,0,0,0,0,0,0,0,0,0,0,0,0,0,0,0,0,0,0,0,0,0,0,0,0,0
"1472,74",0,0,0,0,0,0,0,0,0,0,0,0,0,0,0,0,0,0,0,0,0,0,0,0,0,0,0,0,0,0,0
"1484,34",0,0,0,0,0,0,0,0,0,0,0,0,0,0,0,0,0,0,0,0,0,0,0,0,0,0,0,0,0,0,0
"1495,89",0,0,0,0,0,0,0,0,0,0,0,0,0,0,0,0,0,0,0,0,0,0,0,0,0,0,0,0,0,0,0
"1507,4",0,0,0,0,0,0,0,0,0,0,0,0,0,0,0,0,0,0,0,0,0,0,0,0,0,0,0,0,0,0,0
"1518,87",0,0,0,0,0,0,0,0,0,0,0,0,0,0,0,0,0,0,0,0,0,0,0,0,0,0,0,0,0,0,0
"1530,29",0,0,0,0,0,0,0,0,0,0,0,0,0,0,0,0,0,0,0,0,0,0,0,0,0,0,0,0,0,0,0
"1541,68",0,0,0,0,0,0,0,0,0,0,0,0,0,0,0,0,0,0,0,0,0,0,0,0,0,0,0,0,0,0,0
"1553,01",0,0,0,0,0,0,0,0,0,0,0,0,0,0,0,0,0,0,0,0,0,0,0,0,0,0,0,0,0,0,0
"1564,31",0,0,0,0,0,0,0,0,0,0,0,0,0,0,0,0,0,0,0,0,0,0,0,0,0,0,0,0,0,0,0
"1575,55",0,0,0,0,0,0,0,0,0,0,0,0,0,0,0,0,0,0,0,0,0,0,0,0,0,0,0,0,0,0,0
"1586,76",0,0,0,0,0,0,0,0,0,0,0,0,0,0,0,0,0,0,0,0,0,0,0,0,0,0,0,0,0,0,0
"1597,91",0,0,0,0,0,0,0,0,0,0,0,0,0,0,0,0,0,0,0,0,0,0,0,0,0,0,0,0,0,0,0
"1609,02",0,0,0,0,0,0,0,0,0,0,0,0,0,0,0,0,0,0,0,0,0,0,0,0,0,0,0,0,0,0,0
"1620,09",0,0,0,0,0,0,0,0,0,0,0,0,0,0,0,0,0,0,0,0,0,0,0,0,0,0,0,0,0,0,0
"1631,11",0,0,0,0,0,0,0,0,0,0,0,0,0,0,0,0,0,0,0,0,0,0,0,0,0,0,0,0,0,0,0
"1642,08",0,0,0,0,0,0,0,0,0,0,0,0,0,0,0,0,0,0,0,0,0,0,0,0,0,0,0,0,0,0,0
1653,0,0,0,0,0,0,0,0,0,0,0,0,0,0,0,0,0,0,0,0,0,0,0,0,0,0,0,0,0,0,0
"1663,87",0,0,0,0,0,0,0,0,0,0,0,0,0,0,0,0,0,0,0,0,0,0,0,0,0,0,0,0,0,0,0
"1674,7",0,0,0,0,0,0,0,0,0,0,0,0,0,0,0,0,0,0,0,0,0,0,0,0,0,0,0,0,0,0,0
"1685,47",0,0,0,0,0,0,0,0,0,0,0,0,0,0,0,0,0,0,0,0,0,0,0,0,0,0,0,0,0,0,0
"1696,2",0,0,0,0,0,0,0,0,0,0,0,0,0,0,0,0,0,0,0,0,0,0,0,0,0,0,0,0,0,0,0
"1706,87",0,0,0,0,0,0,0,0,0,0,0,0,0,0,0,0,0,0,0,0,0,0,0,0,0,0,0,0,0,0,0
"1717,5",0,0,0,0,0,0,0,0,0,0,0,0,0,0,0,0,0,0,0,0,0,0,0,0,0,0,0,0,0,0,0
"1728,08",0,0,0,0,0,0,0,0,0,0,0,0,0,0,0,0,0,0,0,0,0,0,0,0,0,0,0,0,0,0,0
"1738,6",0,0,0,0,0,0,0,0,0,0,0,0,0,0,0,0,0,0,0,0,0,0,0,0,0,0,0,0,0,0,0
"1749,08",0,0,0,0,0,0,0,0,0,0,0,0,0,0,0,0,0,0,0,0,0,0,0,0,0,0,0,0,0,0,0
"1759,51",0,0,0,0,0,0,0,0,0,0,0,0,0,0,0,0,0,0,0,0,0,0,0,0,0,0,0,0,0,0,0
"1769,89",0,0,0,0,0,0,0,0,0,0,0,0,0,0,0,0,0,0,0,0,0,0,0,0,0,0,0,0,0,0,0
"1780,22",0,0,0,0,0,0,0,0,0,0,0,0,0,0,0,0,0,0,0,0,0,0,0,0,0,0,0,0,0,0,0
"1967,66",0,0,0,0,0,0,0,0,0,0,0,0,0,0,0,0,0,0,0,0,0,0,0,0,0,0,0,0,0,0,0
"1977,08",0,0,0,0,0,0,0,0,0,0,0,0,0,0,0,0,0,0,0,0,0,0,0,0,0,0,0,0,0,0,0
"1986,45",0,0,0,0,0,0,0,0,0,0,0,0,0,0,0,0,0,0,0,0,0,0,0,0,0,0,0,0,0,0,0
"1995,79",0,0,0,0,0,0,0,0,0,0,0,0,0,0,0,0,0,0,0,0,0,0,0,0,0,0,0,0,0,0,0
"2005,08",0,0,0,0,0,0,0,0,0,0,0,0,0,0,0,0,0,0,0,0,0,0,0,0,0,0,0,0,0,0,0
"2014,33",0,0,0,0,0,0,0,0,0,0,0,0,0,0,0,0,0,0,0,0,0,0,0,0,0,0,0,0,0,0,0
"2023,54",0,0,0,0,0,0,0,0,0,0,0,0,0,0,0,0,0,0,0,0,0,0,0,0,0,0,0,0,0,0,0
"2032,71",0,0,0,0,0,0,0,0,0,0,0,0,0,0,0,0,0,0,0,0,0,0,0,0,0,0,0,0,0,0,0
"2041,83",0,0,0,0,0,0,0,0,0,0,0,0,0,0,0,0,0,0,0,0,0,0,0,0,0,0,0,0,0,0,0
"2050,92",0,0,0,0,0,0,0,0,0,0,0,0,0,0,0,0,0,0,0,0,0,0,0,0,0,0,0,0,0,0,0
"2059,96",0,0,0,0,0,0,0,0,0,0,0,0,0,0,0,0,0,0,0,0,0,0,0,0,0,0,0,0,0,0,0
"2068,97",0,0,0,0,0,0,0,0,0,0,0,0,0,0,0,0,0,0,0,0,0,0,0,0,0,0,0,0,0,0,0
"2077,93",0,0,0,0,0,0,0,0,0,0,0,0,0,0,0,0,0,0,0,0,0,0,0,0,0,0,0,0,0,0,0
"2086,86",0,0,0,0,0,0,0,0,0,0,0,0,0,0,0,0,0,0,0,0,0,0,0,0,0,0,0,0,0,0,0
"2095,74",0,0,0,0,0,0,0,0,0,0,0,0,0,0,0,0,0,0,0,0,0,0,0,0,0,0,0,0,0,0,0
"2104,59",0,0,0,0,0,0,0,0,0,0,0,0,0,0,0,0,0,0,0,0,0,0,0,0,0,0,0,0,0,0,0
"2113,4",0,0,0,0,0,0,0,0,0,0,0,0,0,0,0,0,0,0,0,0,0,0,0,0,0,0,0,0,0,0,0
"2122,17",0,0,0,0,0,0,0,0,0,0,0,0,0,0,0,0,0,0,0,0,0,0,0,0,0,0,0,0,0,0,0
"2130,9",0,0,0,0,0,0,0,0,0,0,0,0,0,0,0,0,0,0,0,0,0,0,0,0,0,0,0,0,0,0,0
"2139,6",0,0,0,0,0,0,0,0,0,0,0,0,0,0,0,0,0,0,0,0,0,0,0,0,0,0,0,0,0,0,0
"2148,26",0,0,0,0,0,0,0,0,0,0,0,0,0,0,0,0,0,0,0,0,0,0,0,0,0,0,0,0,0,0,0
"2156,88",0,0,0,0,0,0,0,0,0,0,0,0,0,0,0,0,0,0,0,0,0,0,0,0,0,0,0,0,0,0,0
"2165,47",0,0,0,0,0,0,0,0,0,0,0,0,0,0,0,0,0,0,0,0,0,0,0,0,0,0,0,0,0,0,0
"2174,02",0,0,0,0,0,0,0,0,0,0,0,0,0,0,0,0,0,0,0,0,0,0,0,0,0,0,0,0,0,0,0
"2182,53",0,0,0,0,0,0,0,0,0,0,0,0,0,0,0,0,0,0,0,0,0,0,0,0,0,0,0,0,0,0,0
"2191,01",0,0,0,0,0,0,0,0,0,0,0,0,0,0,0,0,0,0,0,0,0,0,0,0,0,0,0,0,0,0,0
"2199,46",0,0,0,0,0,0,0,0,0,0,0,0,0,0,0,0,0,0,0,0,0,0,0,0,0,0,0,0,0,0,0
"2207,86",0,0,0,0,0,0,0,0,0,0,0,0,0,0,0,0,0,0,0,0,0,0,0,0,0,0,0,0,0,0,0
"2216,24",0,0,0,0,0,0,0,0,0,0,0,0,0,0,0,0,0,0,0,0,0,0,0,0,0,0,0,0,0,0,0
"2224,58",0,0,0,0,0,0,0,0,0,0,0,0,0,0,0,0,0,0,0,0,0,0,0,0,0,0,0,0,0,0,0
"2232,89",0,0,0,0,0,0,0,0,0,0,0,0,0,0,0,0,0,0,0,0,0,0,0,0,0,0,0,0,0,0,0
"2241,16",0,0,0,0,0,0,0,0,0,0,0,0,0,0,0,0,0,0,0,0,0,0,0,0,0,0,0,0,0,0,0
"2249,4",0,0,0,0,0,0,0,0,0,0,0,0,0,0,0,0,0,0,0,0,0,0,0,0,0,0,0,0,0,0,0
"2257,61",0,0,0,0,0,0,0,0,0,0,0,0,0,0,0,0,0,0,0,0,0,0,0,0,0,0,0,0,0,0,0
"2265,79",0,0,0,0,0,0,0,0,0,0,0,0,0,0,0,0,0,0,0,0,0,0,0,0,0,0,0,0,0,0,0
"2273,93",0,0,0,0,0,0,0,0,0,0,0,0,0,0,0,0,0,0,0,0,0,0,0,0,0,0,0,0,0,0,0
"2282,04",0,0,0,0,0,0,0,0,0,0,0,0,0,0,0,0,0,0,0,0,0,0,0,0,0,0,0,0,0,0,0
"2290,12",0,0,0,0,0,0,0,0,0,0,0,0,0,0,0,0,0,0,0,0,0,0,0,0,0,0,0,0,0,0,0
"2298,17",0,0,0,0,0,0,0,0,0,0,0,0,0,0,0,0,0,0,0,0,0,0,0,0,0,0,0,0,0,0,0
"2306,19",0,0,0,0,0,0,0,0,0,0,0,0,0,0,0,0,0,0,0,0,0,0,0,0,0,0,0,0,0,0,0
"2314,18",0,0,0,0,0,0,0,0,0,0,0,0,0,0,0,0,0,0,0,0,0,0,0,0,0,0,0,0,0,0,0
"2322,13",0,0,0,0,0,0,0,0,0,0,0,0,0,0,0,0,0,0,0,0,0,0,0,0,0,0,0,0,0,0,0
"2330,05",0,0,0,0,0,0,0,0,0,0,0,0,0,0,0,0,0,0,0,0,0,0,0,0,0,0,0,0,0,0,0
"2337,94",0,0,0,0,0,0,0,0,0,0,0,0,0,0,0,0,0,0,0,0,0,0,0,0,0,0,0,0,0,0,0
"2345,81",0,0,0,0,0,0,0,0,0,0,0,0,0,0,0,0,0,0,0,0,0,0,0,0,0,0,0,0,0,0,0
"2353,64",0,0,0,0,0,0,0,0,0,0,0,0,0,0,0,0,0,0,0,0,0,0,0,0,0,0,0,0,0,0,0
"2361,44",0,0,0,0,0,0,0,0,0,0,0,0,0,0,0,0,0,0,0,0,0,0,0,0,0,0,0,0,0,0,0
"2369,21",0,0,0,0,0,0,0,0,0,0,0,0,0,0,0,0,0,0,0,0,0,0,0,0,0,0,0,0,0,0,0
"2376,95",0,0,0,0,0,0,0,0,0,0,0,0,0,0,0,0,0,0,0,0,0,0,0,0,0,0,0,0,0,0,0
"2384,66",0,0,0,0,0,0,0,0,0,0,0,0,0,0,0,0,0,0,0,0,0,0,0,0,0,0,0,0,0,0,0
"2392,34",0,0,0,0,0,0,0,0,0,0,0,0,0,0,0,0,0,0,0,0,0,0,0,0,0,0,0,0,0,0,0
2400,0,0,0,0,0,0,0,0,0,0,0,0,0,0,0,0,0,0,0,0,0,0,0,0,0,0,0,0,0,0,0
"2407,62",0,0,0,0,0,0,0,0,0,0,0,0,0,0,0,0,0,0,0,0,0,0,0,0,0,0,0,0,0,0,0
"2415,21",0,0,0,0,0,0,0,0,0,0,0,0,0,0,0,0,0,0,0,0,0,0,0,0,0,0,0,0,0,0,0
"2422,78",0,0,0,0,0,0,0,0,0,0,0,0,0,0,0,0,0,0,0,0,0,0,0,0,0,0,0,0,0,0,0
"2430,32",0,0,0,0,0,0,0,0,0,0,0,0,0,0,0,0,0,0,0,0,0,0,0,0,0,0,0,0,0,0,0
"2437,83",0,0,0,0,0,0,0,0,0,0,0,0,0,0,0,0,0,0,0,0,0,0,0,0,0,0,0,0,0,0,0
"2445,3",0,0,0,0,0,0,0,0,0,0,0,0,0,0,0,0,0,0,0,0,0,0,0,0,0,0,0,0,0,0,0